Acceptance Criteria,Services Impacted,Test Case ID,Test Title,Precondition,Test Data,Test Steps,Expected Result,Priority,Type
"AC_02: ค้นหาด้วย Keyword → แสดงสื่อที่ตรงกับ Keyword จากชื่อ, คำอธิบาย หรือ Tag",Media Library,1,Search function คืนสื่อที่ชื่อตรงกับ keyword,"1. เตรียมบัญชี Guest (ไม่ได้เข้าสู่ระบบ) และบัญชี Learner ที่พร้อมใช้งาน
2. ระบบมีสื่อสถานะ Published อย่างน้อย 15 รายการ ครอบคลุมหลายประเภทสื่อ, กลุ่มเป้าหมาย, หมวดหมู่, Tag
3. ระบบมีสื่อสถานะ Unpublished อย่างน้อย 1 รายการ และมีสื่อที่ถูกลบ (Deleted) อย่างน้อย 1 รายการ
4. เข้าถึงหน้าคลังสื่อทั้งหมดผ่านเส้นทาง: หน้าหลัก → คลังสื่อทั้งหมด
5. มีข้อมูลสื่อ Published หลายรายการในระบบ","keyword บางส่วนของชื่อสื่อ (เช่น ""Excel"")","1. ส่ง keyword ที่ตรงกับชื่อสื่อบางรายการเข้าฟังก์ชัน search
2. ตรวจสอบผลลัพธ์ที่คืนมา","1. ฟังก์ชันคืนเฉพาะสื่อที่ชื่อมี keyword
2. ไม่รวมสื่อที่ชื่อไม่ตรงกัน",High,Unit Test
"AC_02: ค้นหาด้วย Keyword → แสดงสื่อที่ตรงกับ Keyword จากชื่อ, คำอธิบาย หรือ Tag",Media Library,2,Search function คืนสื่อที่คำอธิบายตรงกับ keyword,"1. เตรียมบัญชี Guest (ไม่ได้เข้าสู่ระบบ) และบัญชี Learner ที่พร้อมใช้งาน
2. ระบบมีสื่อสถานะ Published อย่างน้อย 15 รายการ ครอบคลุมหลายประเภทสื่อ, กลุ่มเป้าหมาย, หมวดหมู่, Tag
3. ระบบมีสื่อสถานะ Unpublished อย่างน้อย 1 รายการ และมีสื่อที่ถูกลบ (Deleted) อย่างน้อย 1 รายการ
4. เข้าถึงหน้าคลังสื่อทั้งหมดผ่านเส้นทาง: หน้าหลัก → คลังสื่อทั้งหมด
5. มีข้อมูลสื่อ Published ที่มีคำอธิบายในระบบ",keyword บางส่วนของคำอธิบายสื่อ,"1. ส่ง keyword ที่ตรงกับคำอธิบายสื่อเข้าฟังก์ชัน search
2. ตรวจสอบผลลัพธ์","1. ฟังก์ชันคืนเฉพาะสื่อที่คำอธิบายมี keyword
2. ไม่รวมสื่อที่ไม่ตรงกัน",Medium,Unit Test
"AC_02: ค้นหาด้วย Keyword → แสดงสื่อที่ตรงกับ Keyword จากชื่อ, คำอธิบาย หรือ Tag",Media Library,3,Search function คืนสื่อที่ Tag ตรงกับ keyword,"1. เตรียมบัญชี Guest (ไม่ได้เข้าสู่ระบบ) และบัญชี Learner ที่พร้อมใช้งาน
2. ระบบมีสื่อสถานะ Published อย่างน้อย 15 รายการ ครอบคลุมหลายประเภทสื่อ, กลุ่มเป้าหมาย, หมวดหมู่, Tag
3. ระบบมีสื่อสถานะ Unpublished อย่างน้อย 1 รายการ และมีสื่อที่ถูกลบ (Deleted) อย่างน้อย 1 รายการ
4. เข้าถึงหน้าคลังสื่อทั้งหมดผ่านเส้นทาง: หน้าหลัก → คลังสื่อทั้งหมด
5. มีข้อมูลสื่อ Published ที่มี Tag ในระบบ","keyword ที่ตรงกับ Tag (เช่น ""python"")","1. ส่ง keyword ที่ตรงกับ Tag ของสื่อเข้าฟังก์ชัน search
2. ตรวจสอบผลลัพธ์","1. ฟังก์ชันคืนเฉพาะสื่อที่มี Tag ตรงกับ keyword
2. ไม่รวมสื่อที่ Tag ไม่ตรงกัน",Medium,Unit Test
"AC_02: ค้นหาด้วย Keyword → แสดงสื่อที่ตรงกับ Keyword จากชื่อ, คำอธิบาย หรือ Tag",Media Library,4,Search function คืน list ว่างเมื่อไม่มีสื่อตรงกับ keyword,"1. เตรียมบัญชี Guest (ไม่ได้เข้าสู่ระบบ) และบัญชี Learner ที่พร้อมใช้งาน
2. ระบบมีสื่อสถานะ Published อย่างน้อย 15 รายการ ครอบคลุมหลายประเภทสื่อ, กลุ่มเป้าหมาย, หมวดหมู่, Tag
3. ระบบมีสื่อสถานะ Unpublished อย่างน้อย 1 รายการ และมีสื่อที่ถูกลบ (Deleted) อย่างน้อย 1 รายการ
4. เข้าถึงหน้าคลังสื่อทั้งหมดผ่านเส้นทาง: หน้าหลัก → คลังสื่อทั้งหมด
5. มีข้อมูลสื่อในระบบ","keyword ที่ไม่มีสื่อตรงกัน (เช่น ""xyzabc123"")","1. ส่ง keyword ที่ไม่มีสื่อตรงกันเข้าฟังก์ชัน search
2. ตรวจสอบผลลัพธ์","1. ฟังก์ชันคืน list ว่าง (empty array)
2. ไม่มีข้อผิดพลาด",Medium,Unit Test
AC_05: ใช้ Filter หลายตัวพร้อมกัน → แสดงสื่อที่ตรงตามทุกเงื่อนไข (AND logic),Media Library,5,Filter function ใช้ AND logic เมื่อเลือกหลายตัวกรองพร้อมกัน,"1. เตรียมบัญชี Guest (ไม่ได้เข้าสู่ระบบ) และบัญชี Learner ที่พร้อมใช้งาน
2. ระบบมีสื่อสถานะ Published อย่างน้อย 15 รายการ ครอบคลุมหลายประเภทสื่อ, กลุ่มเป้าหมาย, หมวดหมู่, Tag
3. ระบบมีสื่อสถานะ Unpublished อย่างน้อย 1 รายการ และมีสื่อที่ถูกลบ (Deleted) อย่างน้อย 1 รายการ
4. เข้าถึงหน้าคลังสื่อทั้งหมดผ่านเส้นทาง: หน้าหลัก → คลังสื่อทั้งหมด
5. มีข้อมูลสื่อหลายประเภทและหมวดหมู่ในระบบ","ประเภท ""วิดีโอ"" + หมวดหมู่ ""เทคโนโลยี""","1. ส่งเงื่อนไขกรอง 2 รายการ (ประเภท ""วิดีโอ"" AND หมวดหมู่ ""เทคโนโลยี"") เข้าฟังก์ชัน filter
2. ตรวจสอบผลลัพธ์","1. ฟังก์ชันคืนเฉพาะสื่อที่ตรงทั้ง 2 เงื่อนไขพร้อมกัน
2. ไม่รวมสื่อที่ตรงเพียงเงื่อนไขเดียว",High,Unit Test
AC_09: สื่อที่ถูก Unpublished หรือ Deleted → ไม่แสดงใน Media Library,Media Library,6,Visibility filter กรองสื่อสถานะ Unpublished ออกจาก list,"1. เตรียมบัญชี Guest (ไม่ได้เข้าสู่ระบบ) และบัญชี Learner ที่พร้อมใช้งาน
2. ระบบมีสื่อสถานะ Published อย่างน้อย 15 รายการ ครอบคลุมหลายประเภทสื่อ, กลุ่มเป้าหมาย, หมวดหมู่, Tag
3. ระบบมีสื่อสถานะ Unpublished อย่างน้อย 1 รายการ และมีสื่อที่ถูกลบ (Deleted) อย่างน้อย 1 รายการ
4. เข้าถึงหน้าคลังสื่อทั้งหมดผ่านเส้นทาง: หน้าหลัก → คลังสื่อทั้งหมด
5. มีข้อมูลสื่อที่มีทั้งสถานะ Published และ Unpublished",list สื่อที่รวม Published และ Unpublished,"1. ส่ง list สื่อที่มีทั้ง Published และ Unpublished เข้าฟังก์ชัน visibility filter
2. ตรวจสอบผลลัพธ์","1. ฟังก์ชันคืนเฉพาะสื่อสถานะ Published
2. สื่อ Unpublished ไม่อยู่ในผลลัพธ์",High,Unit Test
AC_09: สื่อที่ถูก Unpublished หรือ Deleted → ไม่แสดงใน Media Library,Media Library,7,Visibility filter กรองสื่อสถานะ Deleted ออกจาก list,"1. เตรียมบัญชี Guest (ไม่ได้เข้าสู่ระบบ) และบัญชี Learner ที่พร้อมใช้งาน
2. ระบบมีสื่อสถานะ Published อย่างน้อย 15 รายการ ครอบคลุมหลายประเภทสื่อ, กลุ่มเป้าหมาย, หมวดหมู่, Tag
3. ระบบมีสื่อสถานะ Unpublished อย่างน้อย 1 รายการ และมีสื่อที่ถูกลบ (Deleted) อย่างน้อย 1 รายการ
4. เข้าถึงหน้าคลังสื่อทั้งหมดผ่านเส้นทาง: หน้าหลัก → คลังสื่อทั้งหมด
5. มีข้อมูลสื่อที่มีทั้งสถานะ Published และ Deleted",list สื่อที่รวม Published และ Deleted,"1. ส่ง list สื่อที่มีทั้ง Published และ Deleted เข้าฟังก์ชัน visibility filter
2. ตรวจสอบผลลัพธ์","1. ฟังก์ชันคืนเฉพาะสื่อสถานะ Published
2. สื่อ Deleted ไม่อยู่ในผลลัพธ์",High,Unit Test
AC_10: Guest คลิก Bookmark / Like → ระบบแสดง prompt ให้ Login หรือ Disable ปุ่ม,Media Library,8,Auth check คืนค่า interaction-blocked สำหรับ unauthenticated user,"1. เตรียมบัญชี Guest (ไม่ได้เข้าสู่ระบบ) และบัญชี Learner ที่พร้อมใช้งาน
2. ระบบมีสื่อสถานะ Published อย่างน้อย 15 รายการ ครอบคลุมหลายประเภทสื่อ, กลุ่มเป้าหมาย, หมวดหมู่, Tag
3. ระบบมีสื่อสถานะ Unpublished อย่างน้อย 1 รายการ และมีสื่อที่ถูกลบ (Deleted) อย่างน้อย 1 รายการ
4. เข้าถึงหน้าคลังสื่อทั้งหมดผ่านเส้นทาง: หน้าหลัก → คลังสื่อทั้งหมด
5. ผู้ใช้ไม่ได้เข้าสู่ระบบ (unauthenticated state)",unauthenticated auth state,"1. เรียกฟังก์ชัน auth check ด้วย unauthenticated state
2. ตรวจสอบค่าที่คืนมา","1. ฟังก์ชันคืนค่าที่บ่งชี้ว่าผู้ใช้ไม่มีสิทธิ์ interact (Like/Bookmark)
2. ไม่คืน error — คืน blocked state เท่านั้น",High,Unit Test
AC_09: สื่อที่ถูก Unpublished หรือ Deleted → ไม่แสดงใน Media Library,Media Library,9,สื่อที่ถูก Unpublish ไม่แสดงในคลังสื่อ,"1. เตรียมบัญชี Guest (ไม่ได้เข้าสู่ระบบ) และบัญชี Learner ที่พร้อมใช้งาน
2. ระบบมีสื่อสถานะ Published อย่างน้อย 15 รายการ ครอบคลุมหลายประเภทสื่อ, กลุ่มเป้าหมาย, หมวดหมู่, Tag
3. ระบบมีสื่อสถานะ Unpublished อย่างน้อย 1 รายการ และมีสื่อที่ถูกลบ (Deleted) อย่างน้อย 1 รายการ
4. เข้าถึงหน้าคลังสื่อทั้งหมดผ่านเส้นทาง: หน้าหลัก → คลังสื่อทั้งหมด
5. มีสื่อที่ถูก Unpublished ในระบบ",ชื่อสื่อที่มีสถานะ Unpublished,"1. ไปที่หน้าคลังสื่อทั้งหมด
2. ค้นหาด้วยชื่อสื่อที่มีสถานะ Unpublished
3. ตรวจสอบว่าสื่อนั้นปรากฏหรือไม่","1. ไม่พบสื่อที่ถูก Unpublished ในรายการ
2. แสดง Empty State หรือไม่มีผลลัพธ์ที่ตรงกัน",High,Integration Test
EC_02: Learner / Guest เปิด URL ของสื่อที่ถูกลบหรือ Unpublished โดยตรง → ระบบแสดง 404,Media Library,10,Learner/Guest เปิด URL สื่อที่ถูกลบโดยตรง — ระบบแสดงหน้า 404,"1. เตรียมบัญชี Guest (ไม่ได้เข้าสู่ระบบ) และบัญชี Learner ที่พร้อมใช้งาน
2. ระบบมีสื่อสถานะ Published อย่างน้อย 15 รายการ ครอบคลุมหลายประเภทสื่อ, กลุ่มเป้าหมาย, หมวดหมู่, Tag
3. ระบบมีสื่อสถานะ Unpublished อย่างน้อย 1 รายการ และมีสื่อที่ถูกลบ (Deleted) อย่างน้อย 1 รายการ
4. เข้าถึงหน้าคลังสื่อทั้งหมดผ่านเส้นทาง: หน้าหลัก → คลังสื่อทั้งหมด
5. มี URL ของสื่อที่ถูกลบหรือมีสถานะ Unpublished",URL ของสื่อที่ถูกลบหรือมีสถานะ Unpublished,"1. เปิด URL ของสื่อที่ถูกลบหรือ Unpublished โดยตรงในเบราว์เซอร์
2. ตรวจสอบหน้าที่แสดง","1. ระบบแสดงหน้า 404
2. ไม่แสดงเนื้อหาของสื่อนั้น",High,Integration Test
EC_03: สื่อที่กำลังแสดงใน Media Library ถูก Unpublished ขณะผู้ใช้ดูอยู่ → สื่อหายเมื่อ refresh,Media Library,11,สื่อถูก Unpublish ขณะผู้ใช้ดูคลังสื่ออยู่ — สื่อหายออกจากรายการเมื่อ refresh,"1. เตรียมบัญชี Guest (ไม่ได้เข้าสู่ระบบ) และบัญชี Learner ที่พร้อมใช้งาน
2. ระบบมีสื่อสถานะ Published อย่างน้อย 15 รายการ ครอบคลุมหลายประเภทสื่อ, กลุ่มเป้าหมาย, หมวดหมู่, Tag
3. ระบบมีสื่อสถานะ Unpublished อย่างน้อย 1 รายการ และมีสื่อที่ถูกลบ (Deleted) อย่างน้อย 1 รายการ
4. เข้าถึงหน้าคลังสื่อทั้งหมดผ่านเส้นทาง: หน้าหลัก → คลังสื่อทั้งหมด
5. อยู่ที่หน้าคลังสื่อทั้งหมด
6. Admin สามารถ Unpublish สื่อได้",ชื่อสื่อที่จะทดสอบการ Unpublish,"1. เปิดหน้าคลังสื่อและจดชื่อสื่อที่จะทดสอบ
2. Admin Unpublish สื่อนั้น
3. Refresh หน้าคลังสื่อ
4. ตรวจสอบว่าสื่อนั้นยังแสดงอยู่หรือไม่","1. สื่อที่ถูก Unpublish ไม่แสดงในรายการหลัง refresh
2. รายการสื่อที่เหลืออยู่แสดงถูกต้อง",Medium,Integration Test
"EC_04: Network หลุดขณะโหลด Media Library → ระบบแสดง error พร้อมปุ่ม ""ลองใหม่อีกครั้ง""",Media Library,12,"Network หลุดขณะโหลดคลังสื่อ — แสดง error พร้อมปุ่ม ""ลองใหม่อีกครั้ง""","1. เตรียมบัญชี Guest (ไม่ได้เข้าสู่ระบบ) และบัญชี Learner ที่พร้อมใช้งาน
2. ระบบมีสื่อสถานะ Published อย่างน้อย 15 รายการ ครอบคลุมหลายประเภทสื่อ, กลุ่มเป้าหมาย, หมวดหมู่, Tag
3. ระบบมีสื่อสถานะ Unpublished อย่างน้อย 1 รายการ และมีสื่อที่ถูกลบ (Deleted) อย่างน้อย 1 รายการ
4. เข้าถึงหน้าคลังสื่อทั้งหมดผ่านเส้นทาง: หน้าหลัก → คลังสื่อทั้งหมด
5. สามารถจำลอง network failure ได้",,"1. จำลองการตัด network (Dev Tools → Offline)
2. Refresh หน้าคลังสื่อ
3. ตรวจสอบหน้าที่แสดง","1. ระบบแสดงข้อความ error
2. มีปุ่ม ""ลองใหม่อีกครั้ง""
3. คลิกปุ่มแล้ว network กลับมา ระบบโหลดข้อมูลใหม่",High,Integration Test
"AC_01: Guest/Learner เข้าหน้าคลังสื่อ → แสดงสื่อ Published ทั้งหมด พร้อม Thumbnail, ชื่อ, ประเภท, ผู้สร้าง, ผู้เข้าชม, Like",Media Library,13,Guest เข้าหน้าคลังสื่อโดยไม่ได้เข้าสู่ระบบ — แสดงสื่อ Published พร้อม Metadata ครบ,"1. เตรียมบัญชี Guest (ไม่ได้เข้าสู่ระบบ) และบัญชี Learner ที่พร้อมใช้งาน
2. ระบบมีสื่อสถานะ Published อย่างน้อย 15 รายการ ครอบคลุมหลายประเภทสื่อ, กลุ่มเป้าหมาย, หมวดหมู่, Tag
3. ระบบมีสื่อสถานะ Unpublished อย่างน้อย 1 รายการ และมีสื่อที่ถูกลบ (Deleted) อย่างน้อย 1 รายการ
4. เข้าถึงหน้าคลังสื่อทั้งหมดผ่านเส้นทาง: หน้าหลัก → คลังสื่อทั้งหมด
5. ไม่ได้เข้าสู่ระบบ (Guest)",,"1. เปิด Browser โดยไม่ได้เข้าสู่ระบบ
2. ไปที่ หน้าหลัก → คลังสื่อทั้งหมด
3. ตรวจสอบรายการสื่อที่แสดง","1. หน้าคลังสื่อแสดงผลสำเร็จ
2. แสดงสื่อ Published ทั้งหมด
3. การ์ดแสดง: Thumbnail, ชื่อ, ประเภท, ผู้สร้าง, ผู้เข้าชม, Like",High,System Test
"AC_01: Guest/Learner เข้าหน้าคลังสื่อ → แสดงสื่อ Published ทั้งหมด พร้อม Thumbnail, ชื่อ, ประเภท, ผู้สร้าง, ผู้เข้าชม, Like",Media Library,14,Learner เข้าหน้าคลังสื่อหลังเข้าสู่ระบบ — แสดงสื่อ Published พร้อม Metadata ครบ,"1. เตรียมบัญชี Guest (ไม่ได้เข้าสู่ระบบ) และบัญชี Learner ที่พร้อมใช้งาน
2. ระบบมีสื่อสถานะ Published อย่างน้อย 15 รายการ ครอบคลุมหลายประเภทสื่อ, กลุ่มเป้าหมาย, หมวดหมู่, Tag
3. ระบบมีสื่อสถานะ Unpublished อย่างน้อย 1 รายการ และมีสื่อที่ถูกลบ (Deleted) อย่างน้อย 1 รายการ
4. เข้าถึงหน้าคลังสื่อทั้งหมดผ่านเส้นทาง: หน้าหลัก → คลังสื่อทั้งหมด
5. เข้าสู่ระบบด้วยบัญชี Learner",บัญชี Learner ที่พร้อมใช้งาน,"1. เข้าสู่ระบบด้วยบัญชี Learner
2. ไปที่ หน้าหลัก → คลังสื่อทั้งหมด
3. ตรวจสอบรายการสื่อที่แสดง","1. หน้าคลังสื่อแสดงผลสำเร็จ
2. แสดงสื่อ Published ทั้งหมด
3. การ์ดแสดง: Thumbnail, ชื่อ, ประเภท, ผู้สร้าง, ผู้เข้าชม, Like",High,System Test
"AC_02: ค้นหาด้วย Keyword → แสดงสื่อที่ตรงกับ Keyword จากชื่อ, คำอธิบาย หรือ Tag",Media Library,15,ค้นหาด้วย Keyword ที่ตรงกับชื่อสื่อ — แสดงเฉพาะสื่อที่ตรงกัน,"1. เตรียมบัญชี Guest (ไม่ได้เข้าสู่ระบบ) และบัญชี Learner ที่พร้อมใช้งาน
2. ระบบมีสื่อสถานะ Published อย่างน้อย 15 รายการ ครอบคลุมหลายประเภทสื่อ, กลุ่มเป้าหมาย, หมวดหมู่, Tag
3. ระบบมีสื่อสถานะ Unpublished อย่างน้อย 1 รายการ และมีสื่อที่ถูกลบ (Deleted) อย่างน้อย 1 รายการ
4. เข้าถึงหน้าคลังสื่อทั้งหมดผ่านเส้นทาง: หน้าหลัก → คลังสื่อทั้งหมด
5. อยู่ที่หน้าคลังสื่อทั้งหมด","Keyword บางส่วนของชื่อสื่อ (เช่น ""Excel"")","1. กรอก Keyword ในช่องค้นหา
2. กด Enter หรือรอผลลัพธ์
3. ตรวจสอบสื่อที่แสดง","1. แสดงเฉพาะสื่อที่ชื่อมี Keyword
2. ไม่แสดงสื่อที่ไม่เกี่ยวข้อง",High,System Test
"AC_02: ค้นหาด้วย Keyword → แสดงสื่อที่ตรงกับ Keyword จากชื่อ, คำอธิบาย หรือ Tag",Media Library,16,ค้นหาด้วย Keyword ที่ตรงกับคำอธิบายสื่อ — แสดงเฉพาะสื่อที่ตรงกัน,"1. เตรียมบัญชี Guest (ไม่ได้เข้าสู่ระบบ) และบัญชี Learner ที่พร้อมใช้งาน
2. ระบบมีสื่อสถานะ Published อย่างน้อย 15 รายการ ครอบคลุมหลายประเภทสื่อ, กลุ่มเป้าหมาย, หมวดหมู่, Tag
3. ระบบมีสื่อสถานะ Unpublished อย่างน้อย 1 รายการ และมีสื่อที่ถูกลบ (Deleted) อย่างน้อย 1 รายการ
4. เข้าถึงหน้าคลังสื่อทั้งหมดผ่านเส้นทาง: หน้าหลัก → คลังสื่อทั้งหมด
5. อยู่ที่หน้าคลังสื่อทั้งหมด",Keyword บางส่วนของคำอธิบายสื่อ,"1. กรอก Keyword ที่ตรงกับคำอธิบายในช่องค้นหา
2. กด Enter หรือรอผลลัพธ์
3. ตรวจสอบสื่อที่แสดง","1. แสดงสื่อที่คำอธิบายมี Keyword
2. ผลลัพธ์ตรงกับเงื่อนไข",Medium,System Test
"AC_02: ค้นหาด้วย Keyword → แสดงสื่อที่ตรงกับ Keyword จากชื่อ, คำอธิบาย หรือ Tag",Media Library,17,ค้นหาด้วย Keyword ที่ตรงกับ Tag — แสดงเฉพาะสื่อที่มี Tag ตรงกัน,"1. เตรียมบัญชี Guest (ไม่ได้เข้าสู่ระบบ) และบัญชี Learner ที่พร้อมใช้งาน
2. ระบบมีสื่อสถานะ Published อย่างน้อย 15 รายการ ครอบคลุมหลายประเภทสื่อ, กลุ่มเป้าหมาย, หมวดหมู่, Tag
3. ระบบมีสื่อสถานะ Unpublished อย่างน้อย 1 รายการ และมีสื่อที่ถูกลบ (Deleted) อย่างน้อย 1 รายการ
4. เข้าถึงหน้าคลังสื่อทั้งหมดผ่านเส้นทาง: หน้าหลัก → คลังสื่อทั้งหมด
5. อยู่ที่หน้าคลังสื่อทั้งหมด
6. มีสื่อที่มี Tag ในระบบ","Keyword ที่ตรงกับ Tag (เช่น ""python"")","1. กรอก Keyword ที่ตรงกับ Tag
2. กด Enter หรือรอผลลัพธ์
3. ตรวจสอบสื่อที่แสดง","1. แสดงสื่อที่มี Tag ตรงกับ Keyword
2. ผลลัพธ์ตรงกับเงื่อนไข",Medium,System Test
AC_03: กรองตามประเภทสื่อ → แสดงเฉพาะสื่อที่ตรงกับประเภทที่เลือก,Media Library,18,กรองตามประเภทสื่อ 1 ประเภท — แสดงเฉพาะสื่อที่ตรงกัน,"1. เตรียมบัญชี Guest (ไม่ได้เข้าสู่ระบบ) และบัญชี Learner ที่พร้อมใช้งาน
2. ระบบมีสื่อสถานะ Published อย่างน้อย 15 รายการ ครอบคลุมหลายประเภทสื่อ, กลุ่มเป้าหมาย, หมวดหมู่, Tag
3. ระบบมีสื่อสถานะ Unpublished อย่างน้อย 1 รายการ และมีสื่อที่ถูกลบ (Deleted) อย่างน้อย 1 รายการ
4. เข้าถึงหน้าคลังสื่อทั้งหมดผ่านเส้นทาง: หน้าหลัก → คลังสื่อทั้งหมด
5. อยู่ที่หน้าคลังสื่อทั้งหมด
6. มีสื่อหลายประเภทในระบบ","ประเภทสื่อที่กรอง (เช่น ""วิดีโอ"")","1. คลิกตัวกรองประเภทสื่อ
2. เลือกประเภทที่ต้องการ
3. ตรวจสอบรายการสื่อหลังกรอง","1. แสดงเฉพาะสื่อประเภทที่เลือก
2. ไม่แสดงสื่อประเภทอื่น",High,System Test
AC_04: กรองตามกลุ่มเป้าหมาย / หมวดหมู่ → แสดงเฉพาะสื่อที่ตรงกับเงื่อนไขที่เลือก,Media Library,19,กรองตามกลุ่มเป้าหมาย — แสดงเฉพาะสื่อที่ตรงกัน,"1. เตรียมบัญชี Guest (ไม่ได้เข้าสู่ระบบ) และบัญชี Learner ที่พร้อมใช้งาน
2. ระบบมีสื่อสถานะ Published อย่างน้อย 15 รายการ ครอบคลุมหลายประเภทสื่อ, กลุ่มเป้าหมาย, หมวดหมู่, Tag
3. ระบบมีสื่อสถานะ Unpublished อย่างน้อย 1 รายการ และมีสื่อที่ถูกลบ (Deleted) อย่างน้อย 1 รายการ
4. เข้าถึงหน้าคลังสื่อทั้งหมดผ่านเส้นทาง: หน้าหลัก → คลังสื่อทั้งหมด
5. อยู่ที่หน้าคลังสื่อทั้งหมด
6. มีสื่อที่กำหนดกลุ่มเป้าหมายในระบบ","กลุ่มเป้าหมายที่กรอง (เช่น ""นักศึกษา"")","1. คลิกตัวกรองกลุ่มเป้าหมาย
2. เลือกกลุ่มที่ต้องการ
3. ตรวจสอบรายการสื่อหลังกรอง","1. แสดงเฉพาะสื่อที่กลุ่มเป้าหมายตรงกัน
2. ไม่แสดงสื่อที่ไม่ตรงกัน",High,System Test
AC_04: กรองตามกลุ่มเป้าหมาย / หมวดหมู่ → แสดงเฉพาะสื่อที่ตรงกับเงื่อนไขที่เลือก,Media Library,20,กรองตามหมวดหมู่ — แสดงเฉพาะสื่อที่ตรงกัน,"1. เตรียมบัญชี Guest (ไม่ได้เข้าสู่ระบบ) และบัญชี Learner ที่พร้อมใช้งาน
2. ระบบมีสื่อสถานะ Published อย่างน้อย 15 รายการ ครอบคลุมหลายประเภทสื่อ, กลุ่มเป้าหมาย, หมวดหมู่, Tag
3. ระบบมีสื่อสถานะ Unpublished อย่างน้อย 1 รายการ และมีสื่อที่ถูกลบ (Deleted) อย่างน้อย 1 รายการ
4. เข้าถึงหน้าคลังสื่อทั้งหมดผ่านเส้นทาง: หน้าหลัก → คลังสื่อทั้งหมด
5. อยู่ที่หน้าคลังสื่อทั้งหมด
6. มีสื่อที่กำหนดหมวดหมู่ในระบบ","หมวดหมู่ที่กรอง (เช่น ""เทคโนโลยี"")","1. คลิกตัวกรองหมวดหมู่
2. เลือกหมวดหมู่ที่ต้องการ
3. ตรวจสอบรายการสื่อหลังกรอง","1. แสดงเฉพาะสื่อในหมวดหมู่ที่เลือก
2. ไม่แสดงสื่อหมวดหมู่อื่น",High,System Test
AC_05: ใช้ Filter หลายตัวพร้อมกัน → แสดงสื่อที่ตรงตามทุกเงื่อนไข (AND logic),Media Library,21,ใช้ตัวกรองหลายตัวพร้อมกัน — แสดงเฉพาะสื่อที่ตรงทุกเงื่อนไข (AND),"1. เตรียมบัญชี Guest (ไม่ได้เข้าสู่ระบบ) และบัญชี Learner ที่พร้อมใช้งาน
2. ระบบมีสื่อสถานะ Published อย่างน้อย 15 รายการ ครอบคลุมหลายประเภทสื่อ, กลุ่มเป้าหมาย, หมวดหมู่, Tag
3. ระบบมีสื่อสถานะ Unpublished อย่างน้อย 1 รายการ และมีสื่อที่ถูกลบ (Deleted) อย่างน้อย 1 รายการ
4. เข้าถึงหน้าคลังสื่อทั้งหมดผ่านเส้นทาง: หน้าหลัก → คลังสื่อทั้งหมด
5. อยู่ที่หน้าคลังสื่อทั้งหมด
6. มีสื่อที่ตรงกับทุกเงื่อนไขในระบบ","ประเภท ""วิดีโอ"" + หมวดหมู่ ""เทคโนโลยี""","1. เลือกตัวกรองประเภท ""วิดีโอ""
2. เลือกตัวกรองหมวดหมู่ ""เทคโนโลยี""
3. ตรวจสอบผลลัพธ์","1. แสดงเฉพาะสื่อที่เป็น ""วิดีโอ"" และหมวดหมู่ ""เทคโนโลยี""
2. ไม่แสดงสื่อที่ตรงเพียงเงื่อนไขเดียว",High,System Test
AC_06: ผู้ใช้ไปถึงหน้าสุดท้ายของรายการ → ระบบโหลดหน้าถัดไป (Pagination) หรือแสดงว่าหมดรายการ,Media Library,22,คลิก Pagination ไปหน้าถัดไป — ระบบโหลดสื่อชุดถัดไป,"1. เตรียมบัญชี Guest (ไม่ได้เข้าสู่ระบบ) และบัญชี Learner ที่พร้อมใช้งาน
2. ระบบมีสื่อสถานะ Published อย่างน้อย 15 รายการ ครอบคลุมหลายประเภทสื่อ, กลุ่มเป้าหมาย, หมวดหมู่, Tag
3. ระบบมีสื่อสถานะ Unpublished อย่างน้อย 1 รายการ และมีสื่อที่ถูกลบ (Deleted) อย่างน้อย 1 รายการ
4. เข้าถึงหน้าคลังสื่อทั้งหมดผ่านเส้นทาง: หน้าหลัก → คลังสื่อทั้งหมด
5. อยู่ที่หน้าคลังสื่อทั้งหมด
6. มีสื่อ Published มากกว่า 1 หน้า",,"1. เลื่อนลงล่างหรือคลิก Pagination ไปหน้าถัดไป
2. ตรวจสอบว่าระบบโหลดสื่อเพิ่มเติม","1. ระบบโหลดสื่อชุดถัดไปสำเร็จ
2. รายการสื่อเพิ่มขึ้น",Medium,System Test
AC_06: ผู้ใช้ไปถึงหน้าสุดท้ายของรายการ → ระบบโหลดหน้าถัดไป (Pagination) หรือแสดงว่าหมดรายการ,Media Library,23,ผู้ใช้ไปถึงสื่อรายการสุดท้าย — ระบบแสดงว่าหมดรายการ,"1. เตรียมบัญชี Guest (ไม่ได้เข้าสู่ระบบ) และบัญชี Learner ที่พร้อมใช้งาน
2. ระบบมีสื่อสถานะ Published อย่างน้อย 15 รายการ ครอบคลุมหลายประเภทสื่อ, กลุ่มเป้าหมาย, หมวดหมู่, Tag
3. ระบบมีสื่อสถานะ Unpublished อย่างน้อย 1 รายการ และมีสื่อที่ถูกลบ (Deleted) อย่างน้อย 1 รายการ
4. เข้าถึงหน้าคลังสื่อทั้งหมดผ่านเส้นทาง: หน้าหลัก → คลังสื่อทั้งหมด
5. อยู่ที่หน้าสุดท้ายของรายการสื่อ",,"1. เลื่อนหรือคลิก Pagination ไปจนถึงสื่อรายการสุดท้าย
2. ตรวจสอบสัญลักษณ์หรือข้อความ","1. ระบบแสดงว่าหมดรายการแล้ว
2. ไม่มีการโหลดสื่อเพิ่มเติม",Low,System Test
AC_07: ผู้ใช้คลิกสื่อจาก Media Library → ระบบ redirect ไปหน้าดูรายละเอียดของสื่อนั้น,Media Library,24,คลิกการ์ดสื่อจากรายการ — ระบบ redirect ไปหน้าดูรายละเอียด,"1. เตรียมบัญชี Guest (ไม่ได้เข้าสู่ระบบ) และบัญชี Learner ที่พร้อมใช้งาน
2. ระบบมีสื่อสถานะ Published อย่างน้อย 15 รายการ ครอบคลุมหลายประเภทสื่อ, กลุ่มเป้าหมาย, หมวดหมู่, Tag
3. ระบบมีสื่อสถานะ Unpublished อย่างน้อย 1 รายการ และมีสื่อที่ถูกลบ (Deleted) อย่างน้อย 1 รายการ
4. เข้าถึงหน้าคลังสื่อทั้งหมดผ่านเส้นทาง: หน้าหลัก → คลังสื่อทั้งหมด
5. อยู่ที่หน้าคลังสื่อทั้งหมด
6. มีสื่อ Published อย่างน้อย 1 รายการ",,"1. คลิกการ์ดสื่อใดสื่อหนึ่ง
2. ตรวจสอบหน้าที่แสดงหลังคลิก","1. ระบบ redirect ไปหน้าดูรายละเอียดของสื่อที่คลิก
2. URL เปลี่ยนเป็นหน้ารายละเอียดสื่อนั้น",High,System Test
AC_08: ค้นหาหรือกรองแล้วไม่พบสื่อ → ระบบแสดง Empty State พร้อมข้อความแนะนำ,Media Library,25,ค้นหาหรือกรองแล้วไม่พบสื่อ — แสดง Empty State พร้อมข้อความแนะนำ,"1. เตรียมบัญชี Guest (ไม่ได้เข้าสู่ระบบ) และบัญชี Learner ที่พร้อมใช้งาน
2. ระบบมีสื่อสถานะ Published อย่างน้อย 15 รายการ ครอบคลุมหลายประเภทสื่อ, กลุ่มเป้าหมาย, หมวดหมู่, Tag
3. ระบบมีสื่อสถานะ Unpublished อย่างน้อย 1 รายการ และมีสื่อที่ถูกลบ (Deleted) อย่างน้อย 1 รายการ
4. เข้าถึงหน้าคลังสื่อทั้งหมดผ่านเส้นทาง: หน้าหลัก → คลังสื่อทั้งหมด
5. อยู่ที่หน้าคลังสื่อทั้งหมด","Keyword ที่ไม่มีสื่อตรงกัน (เช่น ""xyzabc123"")","1. กรอก Keyword ที่ไม่มีสื่อตรงกัน
2. ตรวจสอบหน้าที่แสดง","1. แสดง Empty State
2. มีข้อความแนะนำ",Medium,System Test
AC_10: Guest คลิก Bookmark / Like → ระบบแสดง prompt ให้ Login หรือ Disable ปุ่ม,Media Library,26,Guest คลิกปุ่ม Like — แสดง prompt ให้เข้าสู่ระบบหรือปุ่มถูก Disable,"1. เตรียมบัญชี Guest (ไม่ได้เข้าสู่ระบบ) และบัญชี Learner ที่พร้อมใช้งาน
2. ระบบมีสื่อสถานะ Published อย่างน้อย 15 รายการ ครอบคลุมหลายประเภทสื่อ, กลุ่มเป้าหมาย, หมวดหมู่, Tag
3. ระบบมีสื่อสถานะ Unpublished อย่างน้อย 1 รายการ และมีสื่อที่ถูกลบ (Deleted) อย่างน้อย 1 รายการ
4. เข้าถึงหน้าคลังสื่อทั้งหมดผ่านเส้นทาง: หน้าหลัก → คลังสื่อทั้งหมด
5. ไม่ได้เข้าสู่ระบบ (Guest)",,"1. อยู่ที่หน้าคลังสื่อโดยไม่ได้เข้าสู่ระบบ
2. คลิกปุ่ม Like บนการ์ดสื่อ
3. ตรวจสอบผลลัพธ์","1. แสดง prompt ให้เข้าสู่ระบบ หรือปุ่ม Like ถูก Disable
2. ไม่สามารถ Like ได้โดยไม่เข้าสู่ระบบ",High,System Test
AC_10: Guest คลิก Bookmark / Like → ระบบแสดง prompt ให้ Login หรือ Disable ปุ่ม,Media Library,27,Guest คลิกปุ่ม Bookmark — แสดง prompt ให้เข้าสู่ระบบหรือปุ่มถูก Disable,"1. เตรียมบัญชี Guest (ไม่ได้เข้าสู่ระบบ) และบัญชี Learner ที่พร้อมใช้งาน
2. ระบบมีสื่อสถานะ Published อย่างน้อย 15 รายการ ครอบคลุมหลายประเภทสื่อ, กลุ่มเป้าหมาย, หมวดหมู่, Tag
3. ระบบมีสื่อสถานะ Unpublished อย่างน้อย 1 รายการ และมีสื่อที่ถูกลบ (Deleted) อย่างน้อย 1 รายการ
4. เข้าถึงหน้าคลังสื่อทั้งหมดผ่านเส้นทาง: หน้าหลัก → คลังสื่อทั้งหมด
5. ไม่ได้เข้าสู่ระบบ (Guest)",,"1. อยู่ที่หน้าคลังสื่อโดยไม่ได้เข้าสู่ระบบ
2. คลิกปุ่ม Bookmark บนการ์ดสื่อ
3. ตรวจสอบผลลัพธ์","1. แสดง prompt ให้เข้าสู่ระบบ หรือปุ่ม Bookmark ถูก Disable
2. ไม่สามารถ Bookmark ได้โดยไม่เข้าสู่ระบบ",High,System Test
"EC_01: ไม่พบสื่อตามเงื่อนไข → แสดง Empty State พร้อมข้อความ ""ไม่พบสื่อที่ตรงกับเงื่อนไข กรุณาลองค้นหาด้วยคำอื่น""",Media Library,28,"ค้นหา Keyword ที่ไม่มีสื่อตรงกัน — แสดงข้อความ ""ไม่พบสื่อที่ตรงกับเงื่อนไข กรุณาลองค้นหาด้วยคำอื่น""","1. เตรียมบัญชี Guest (ไม่ได้เข้าสู่ระบบ) และบัญชี Learner ที่พร้อมใช้งาน
2. ระบบมีสื่อสถานะ Published อย่างน้อย 15 รายการ ครอบคลุมหลายประเภทสื่อ, กลุ่มเป้าหมาย, หมวดหมู่, Tag
3. ระบบมีสื่อสถานะ Unpublished อย่างน้อย 1 รายการ และมีสื่อที่ถูกลบ (Deleted) อย่างน้อย 1 รายการ
4. เข้าถึงหน้าคลังสื่อทั้งหมดผ่านเส้นทาง: หน้าหลัก → คลังสื่อทั้งหมด
5. อยู่ที่หน้าคลังสื่อทั้งหมด","Keyword ที่ไม่มีสื่อตรงกัน (เช่น ""xyzabc123"")","1. กรอก Keyword ที่ไม่มีสื่อตรงกัน
2. กด Enter หรือรอผลลัพธ์
3. ตรวจสอบข้อความที่แสดง","1. แสดง Empty State
2. ข้อความ ""ไม่พบสื่อที่ตรงกับเงื่อนไข กรุณาลองค้นหาด้วยคำอื่น""",Medium,System Test
"EC_05: Filter หลายตัวพร้อมกันแล้วไม่พบผลลัพธ์ → แสดง Empty State พร้อมปุ่ม ""ล้าง Filter""",Media Library,29,"ตัวกรองหลายตัวไม่พบผลลัพธ์ — แสดง Empty State พร้อมปุ่ม ""ล้างตัวกรอง""","1. เตรียมบัญชี Guest (ไม่ได้เข้าสู่ระบบ) และบัญชี Learner ที่พร้อมใช้งาน
2. ระบบมีสื่อสถานะ Published อย่างน้อย 15 รายการ ครอบคลุมหลายประเภทสื่อ, กลุ่มเป้าหมาย, หมวดหมู่, Tag
3. ระบบมีสื่อสถานะ Unpublished อย่างน้อย 1 รายการ และมีสื่อที่ถูกลบ (Deleted) อย่างน้อย 1 รายการ
4. เข้าถึงหน้าคลังสื่อทั้งหมดผ่านเส้นทาง: หน้าหลัก → คลังสื่อทั้งหมด
5. อยู่ที่หน้าคลังสื่อทั้งหมด",ตัวกรองที่ไม่มีสื่อตรงกันในระบบ,"1. เลือกประเภทสื่อที่มีในระบบ
2. เลือกหมวดหมู่ที่ไม่มีสื่อตรงกับประเภทนั้น
3. ตรวจสอบผลลัพธ์","1. แสดง Empty State
2. มีปุ่ม ""ล้างตัวกรอง""
3. คลิกปุ่มแล้วรายการสื่อกลับมาปกติ",Medium,System Test
